start,0,0
start,1710490711.3782127,0.0
start,1710490712.3095903,0.0
start,1710490713.3266916,0.0
start,1710490714.3814394,0.0
start,1710490715.317171,0.0
start,1710490716.330209,0.0
start,1710490717.3848906,0.0
start,1710490718.3238382,0.0
start,1710490719.3373508,0.0
